file,descriptionEn,descriptionRu,descriptionUa
fulcrum_1.jpg,“Soul” Pay attention: are there any activities or environment in your life that take away energy? Evaluate the big picture and try to add pleasant events to your usual days that will fill and charge you 100%.,"""Душа"" Обрати внимание: нет ли сейчас в Твоей жизни занятий или окружения, которые забирают энергию? Оцени общую картину и постарайся добавить в привычные дни приятные события, которые будут Тебя наполнять и заряжать на 100%.","""Душа"" Зверни увагу: чи немає зараз у Твоєму житті занять чи оточення, які забирають енергію? Оціни загальну картину і постарайся додати у звичні дні приємні події, які наповнюватимуть Тебе і заряджатимуть на 100%."
fulcrum_2.jpg,"""Elephant"" The elephant is symbolized with abundance and prosperity. If you continue to work through the complexes and begin to appreciate yourself even more, you will not notice how life will be filled with interesting offers that will be difficult to refuse.","""Слон"" Слон символизируется с изобилием и достатком. Если Ты продолжишь прорабатывать комплексы и начнёшь ещё больше ценить себя, то не заметишь, как жизнь наполнится интересными предложениями, от которых будет сложно отказаться.","""Слон"" Слон символізується з достатком та достатком. Якщо Ти продовжиш опрацьовувати комплекси та почнеш ще більше цінувати себе, то не помітиш, як життя наповниться цікавими пропозиціями, від яких буде важко відмовитись."
fulcrum_3.jpg,"""Hide and Seek"" Any game indicates fun and risk to be taken. There is a feeling inside you that you are ready to let go of resentment, fears and doubts from a past life, but for this you need to take a risky step forward. Remember your Inner Support and boldly move in the direction of your dreams.","""Прятки"" Любая игра свидетельствует о веселье и риске, который будет предпринят. Внутри Тебя есть ощущение, что Ты готова отпустить обиды, страхи и сомнения из прошлой жизни, но для этого необходимо сделать рискованный шаг вперёд. Вспоминай про свою Внутреннюю Опору и смело двигайся в направлении мечты.","""Хованки"" Будь-яка гра свідчить про веселощі та ризик, який буде зроблено. Усередині Тебе є відчуття, що Ти готова відпустити образи, страхи та сумніви з минулого життя, але для цього необхідно зробити ризикований крок уперед. Згадуй про свою Внутрішню Опору та сміливо рухайся у напрямку мрії."
fulcrum_4.jpg,"""Abundance"" Flowers in an endless fragrant field symbolize Your life. The more you invest resources in caring for your field, so that it blooms, smells sweet and pleases you, the happier you will live your life.","""Изобилие"" Цветы в бескрайнем ароматном поле символизируют Твою жизнь. Чем больше Ты будешь вкладывать ресурс в уход за своим полем, чтобы оно цвело, благоухало и радовало Тебя, тем счастливее проживёшь свою жизнь.","""Достаток"" Квіти в безкрайньому ароматному полі символізують Твоє життя. Чим більше Ти вкладатимеш ресурс у догляд за своїм полем, щоб воно цвіло, пахло і тішило Тебе, тим щасливіше проживеш своє життя."
fulcrum_5.jpg,"""Man without a head"" The role of the mind is to study and analyze the external world. Every day he processes dozens of tons of information, unlike the heart, which knows exactly how to lead you to a happy and harmonious life. Turn off your head more often and trust your heart.","""Человек без головы"" Роль разума состоит в изучении и анализе внешнего мира. Ежедневно он обрабатывает десятки тонн информации, в отличие от сердца, которое точно знает, как привести Тебя к счастливой и гармоничной жизни. Чаще отключай голову и доверяйся своему сердцу.","""Людина без голови"" Роль розуму полягає у вивченні та аналізі зовнішнього світу. Щодня він обробляє десятки тонн інформації, на відміну від серця, яке точно знає, як привести Тебе до щасливого та гармонійного життя. Найчастіше відключай голову і довіряйся своєму серцю."
fulcrum_6.jpg,"""New life"" The process of birth is always associated with the renewal of the soul. Perhaps a moment has come in your life when the old programs of behavior and attitudes do not work - the time has come for a new You to be born: calm, harmonious and spiritually strong.","""Новая жизнь"" Процесс рождения всегда связан с обновлением души. Возможно, в Твоей жизни наступил момент, когда старые программы поведения и установки не работают — пришло время появиться на свет новой Тебе: спокойной, гармоничной и духовно сильной.","""Нове життя"" Процес народження завжди пов'язаний з оновленням душі. Можливо, у Твоєму житті настав момент, коли старі програми поведінки та настанови не працюють — настав час з'явитися на світ новій Тобі: спокійній, гармонійній та духовно сильній."
fulcrum_7.jpg,"""Kite"" Your soul demands to be released into free flight - it dreams of soaring in the sky high and for a long time! As soon as you trust this world and start to hear your inner “I”, positive changes will begin to occur in your destiny.","""Воздушный змей"" Твоя душа требует, чтобы её отпустили в свободный полёт — она мечтает парить в небе высоко и долго! Как только Ты доверишься этому миру и начнёшь слышать своё внутреннее ""Я"" — в Твоей судьбе начнут происходить положительные изменения.","""Повітряний змій"" Твоя душа вимагає, щоб її відпустили у вільний політ - вона мріє ширяти в небі високо і довго! Як тільки Ти довіришся цьому світу і почнеш чути своє внутрішнє ""Я"" — у Твоєї долі почнуть відбуватися позитивні зміни."
fulcrum_8.jpg,"""Octopus"" Look at the image of the octopus from a new angle: what makes it different from other animals? Perhaps the presence of a dozen tentacles, which he skillfully wields. You are also good at multi-tasking and keeping everything under control. Do not forget to harmonize your inner state from time to time, and then You will achieve incredible heights.","""Осьминог"" Взгляни на изображение осьминога под новым углом: что его отличает от других животных? Возможно, наличие десятка щупалец, которыми он мастерски орудует. У Тебя также получается отлично справляться сразу с несколькими делами и держать все под контролем. Не забывай время от времени гармонизировать внутреннее состояние, и тогда Ты добьёшься невероятных высот.","""Восьминіг"" Поглянь на зображення восьминога під новим кутом: що його відрізняє від інших тварин? Можливо, наявність десятка щупалець, якими він майстерно орудує. Тебе також виходить чудово справлятися відразу з кількома справами і тримати все під контролем. Не забувай час від часу гармонізувати внутрішній стан, і тоді доб'єшся неймовірних висот."
fulcrum_9.jpg,"""Camel"" Get ready to show endurance, dutifully accept the circumstances or face small obstacles on the way to the goal. Yes, it will not be easy, but do you remember that difficulties only harden you? The direction of further actions will be indicated to you by intuition. Listen to your inner voice. He won't let you down.","""Верблюд"" Приготовься проявить выносливость, покорно смириться с обстоятельствами или столкнуться с небольшими препятствиями на пути к цели. Да, будет непросто, но Ты же помнишь, что трудности только закаляют? Направление дальнейших действий Тебе укажет интуиция. Прислушивайся к своему внутреннему голосу. Он не подведет.","""Верблюд"" Приготуйся виявити витривалість, покірно змиритися з обставинами чи зіткнутися з невеликими перешкодами на шляху до мети. Так, буде непросто, але ж Ти пам'ятаєш, що труднощі тільки гартують? Напрямок подальших дій Тобі вкаже інтуїція. Прислухайся до свого голосу. Він не підведе."
fulcrum_10.jpg,"""Dance at the campfire"" Pay attention that there are always several people participating in the dance at the campfire, who create a single picture and mesmerize with their movements. Perhaps, very soon useful acquaintances will appear in your life that will change it. Open your heart and be ready to let new people into it.","""Танец у костра"" Обрати внимание, что в танце у костра всегда участвует несколько человек, которые выстраивают единую картинку и завораживают своими движениями. Возможно, совсем скоро в Твоей жизни появятся полезные знакомства, которые изменят ее. Открой своё сердце и будь готова впустить в него новых людей.","""Танець біля багаття"" Зверніть увагу, що в танці біля багаття завжди бере участь кілька людей, які вибудовують єдину картинку і зачаровують своїми рухами. Можливо, незабаром у Твоєму житті з'являться корисні знайомства, які змінять його. Відкрий своє серце і будь готова впустити в нього нових людей."
fulcrum_11.jpg,"""Firefly"" Remember the carefree joy that you experienced when you saw a firefly for the first time in your life. He calls you to keep and carry this state as long as possible. Only in this way will a lot of good and good news appear in your life.","""Светлячок"" Вспомни ту беззаботную радость, которую Ты испытала, когда впервые в жизни увидела светлячка. Он призывает Тебя сохранить и пронести это состояние, как можно дольше. Только так в Твоей жизни появится много добра и приятных известий.","""Світлячок"" Згадай ту безтурботну радість, яку Ти пережила, коли вперше в житті побачила світлячка. Він закликає Тебе зберегти і пронести цей стан якнайдовше. Тільки так у Твоєму житті з'явиться багато добра та приємних звісток."
fulcrum_12.jpg,"""Heart"" An erupting volcano and bright lightning indicate that life does not always consist only of sunny days or good events. However, no matter how the circumstances around you, remember that You have You and Your heart - listen to it, no matter what.","""Сердце"" Извергающийся вулкан и яркие молнии говорят о том, что жизнь не всегда состоит только из солнечных дней или добрых событий. Однако, как бы не складывались обстоятельства вокруг, помни, что у Тебя есть Ты и Твое сердце — слушай его, несмотря ни на что.","""Серце"" Вулкан, що вивергається, і яскраві блискавки говорять про те, що життя не завжди складається тільки з сонячних днів або добрих подій. Однак, як би не складалися обставини навколо, пам'ятай, що у Тебе є Ти і Твоє серце – слухай його, незважаючи ні на що."
fulcrum_13.jpg,"""In the Web"" It's time to get out of the web of your own fears and doubts. Often they have nothing to do with reality. Remember that 90% of fears will never be reflected in reality. Focus on the positive, and luck will surely smile at you.","""В паутине"" Пришло время выпутаться из паутины собственных страхов и сомнений. Часто они не имеют ничего общего с реальностью. Помни, что 90% страхов никогда не найдут отражение в реальности. Фокусируйся на положительном, и Тебе обязательно улыбнётся удача.","""У павутинні"" Настав час виплутатися з павутиння власних страхів та сумнівів. Часто вони мають нічого спільного з реальністю. Пам'ятай, що 90% страхів ніколи не знайдуть відображення в реальності. Фокусуйся на позитивному, і Тобі обов'язково посміхнеться успіх."
fulcrum_14.jpg,"""Poppies"" Fragrant poppies are a symbol of the upcoming pleasure, which will last a long time in your life, if you nourish this state with the appropriate resource and emotions. Therefore, right now is the time to shift the focus of attention from external to internal and begin to develop ease, acceptance and awareness in yourself. Do it - you will succeed.","""Маки"" Ароматные маки — символ предстоящего удовольствия, которое долго продлится в Твоей жизни, если питать это состояние соответствующим ресурсом и эмоциями. Поэтому именно сейчас пора сместить фокус внимания с внешнего на внутреннее и начать развивать в себе лёгкость, принятие и осознанность. Действуй — у Тебя все получится.","""Маки"" Ароматні маки - символ майбутнього задоволення, яке довго триватиме у Твоєму житті, якщо мати цей стан відповідним ресурсом та емоціями. Тому саме зараз настав час змістити фокус уваги із зовнішнього на внутрішнє і почати розвивати в собі легкість, прийняття та усвідомленість. Дій — у Тебе все вийде."
fulcrum_15.jpg,"""Gardening"" Any work with hands symbolizes painstaking work on something and a close relationship with the subject. Soon a person will appear in your life, the connection with which will bring you many happy moments and fill your life with new meaning. Be careful - he's already somewhere nearby.","""Садоводство"" Любая работа руками символизирует кропотливую работу над чем-то и тесную связь с предметом. В скором времени в Твоей жизни появится человек, связь с которым принесет вам немало счастливых минут и наполнит жизнь новым смыслом. Будь внимательна — он уже где-то рядом.","""Садівництво"" Будь-яка робота руками символізує копітку роботу над чимось і тісний зв'язок із предметом. Незабаром у твоїм житті з'явиться людина, зв'язок з якою принесе вам чимало щасливих хвилин і наповнить життя новим змістом. Будь уважна — він уже поряд."
fulcrum_16.jpg,"""Sky Lanterns"" The key function of flashlights is to illuminate the road. Soon your life will be illuminated by the development of events that you have no idea about yet! It will be a new chapter in your life, full of vivid emotions, gratitude to yourself, exciting events. Be attentive to details and follow your heart.","""Небесные фонарики"" Ключевая функция фонариков — освещать дорогу. В скором времени в Твоей жизни подсветятся пути развития событий, о которых Ты пока не догадываешься! Это будет новая глава в твоей жизни, полная ярких эмоций, благодарности к себе, увлекательных событий. Будь внимательна к деталям и иди по зову своего сердца.","""Небесні ліхтарики"" Ключова функція ліхтариків – освітлювати дорогу. Незабаром у Твоєму житті підсвітляться шляхи розвитку подій, про які Ти поки що не здогадуєшся! Це буде новий розділ у твоєму житті, сповнений яскравих емоцій, подяки до себе, захоплюючих подій. Будь уважна до деталей та йди за покликом свого серця."
fulcrum_17.jpg,"""Man in the rain"" Significant changes are taking place in your life. Sometimes it seems to you that you are all alone on your way - it can be difficult to achieve understanding from others. No matter what, keep going forward, and the rainy weather will soon change into clear sunshine.","""Человек под дождём"" В Твоей жизни происходят существенные перемены. Иногда тебе кажется, что на своём пути Ты совсем одна — бывает сложно добиться понимания со стороны окружающих. Несмотря ни на что, продолжай идти вперёд, и дождливая погода, в скором времени, сменится на ясное солнце.","""Людина під дощем"" У Твоєму житті відбуваються істотні зміни. Іноді тобі здається, що на своєму шляху Ти зовсім одна - буває складно досягти розуміння з боку оточуючих. Незважаючи ні на що, продовжуй йти вперед, і дощова погода незабаром зміниться на ясне сонце."
fulcrum_18.jpg,"""Dawn"" Dawn symbolizes the beginning of a new stage in life. Take this time as a favorable period for spiritual development. Keep getting to know yourself and working on your inner support without giving up.","""Рассвет"" Рассвет символизирует начало нового этапа в жизни. Восприми это время, как благоприятный период для духовного совершенствования. Продолжай узнавать себя и работать над внутренней опорой, не опуская руки.","""Світанок"" Світанок символізує початок нового етапу життя. Сприйми цей час як сприятливий період для духовного вдосконалення. Продовжуй впізнавати себе та працювати над внутрішньою опорою, не опускаючи руки."
fulcrum_19.jpg,"""Angel"" Knock knock! An angel is already knocking on your door. Hurry open, because he came to show deep concern and kindness. Trust this world and enjoy the magical events that will begin to happen.","""Ангел"" Тук-тук! Ангел уже стучится к Тебе в дверь. Скорее открывай, ведь он пришёл, чтобы проявить глубокую заботу и доброту. Доверься этому миру и наслаждайся волшебными событиями, которые начнут происходить.","""Ангел"" Тук-тук! Ангел уже стукає до Тебе у двері. Скоріше відкривай, адже він прийшов, щоб виявити глибоку турботу та доброту. Довірся цьому світу і насолоджуйся чарівними подіями, які почнуть відбуватися."
fulcrum_20.jpg,"""Autumn"" Autumn is the best time to take stock. Probably, a big stage in your life is coming to an end and very soon positive changes will come, which you do not expect. Pump over the Inner Support so that new events will be attracted to Your abundant state!","""Осень"" Осень — лучшее время для подведения итогов. Вероятно, в Твоей жизни заканчивается большой этап и совсем скоро наступят положительные изменения, которых Ты не ждёшь. Прокачивай Внутреннюю Опору, чтобы новые события притянулись на Твое изобильное состояние!","""Осінь"" Осінь - найкращий час для підбиття підсумків. Ймовірно, у Твоєму житті закінчується великий етап і незабаром настануть позитивні зміни, яких Ти не чекаєш. Прокачуйте Внутрішню Опору, щоб нові події притяглися на Твій багатий стан!"
fulcrum_21.jpg,"""Sunset"" Sunset means a significant change in fate or the onset of a period of great love for someone. Maybe the person you will soon fall in love with without memory is a new version of you?","""Закат"" Закат солнца означает значительные перемены в судьбе или наступление периода большой влюбленности в кого-то. Может, человек, в которого Ты совсем скоро влюбишься без памяти, — это новая версия Тебя?","""Захід сонця"" Захід сонця означає значні зміни в долі або настання періоду великої закоханості в когось. Може, людина, в яку Ти незабаром закохаєшся без пам'яті, — це нова версія Тебе?"
fulcrum_22.jpg,"""Mask"" The mask symbolizes secrecy from the outside world. Think about what you can hide under it? Perhaps you are hiding your real self, or the way you position yourself in this world is not your true nature. To feel confident, it is important to find and develop in yourself the inner support that will allow you to be real. Listen to yourself more, and everything will work out.","""Маска"" Маска символизирует скрытность от внешнего мира. Подумай, что ты можешь прятать под ней? Возможно, Ты скрываешь себя настоящую, или то, как Ты позиционируешь себя в этом мире, не является твоей истинной натурой. Чтобы чувствовать себя уверенно, важно найти и развить в себе внутреннюю опору, которая позволит Тебе быть настоящей. Больше прислушивайся к себе, и все получится.","""Маска"" Маска символізує скритність від зовнішнього світу. Подумай, що ти можеш ховати під нею? Можливо, Ти приховуєш себе справжню, або те, як Ти позиціонуєш себе у цьому світі, не є твоєю справжньою натурою. Щоб почуватися впевнено, важливо знайти та розвинути в собі внутрішню опору, яка дозволить Тобі бути справжньою. Більше прислухайся до себе, і все вийде."
fulcrum_23.jpg,"""Cat"" The appearance of a forest cat signals imminent changes in relationships. With whom your relationship will change: with the environment or with yourself - it is up to you to decide. But, thanks to your support, you will enter a new stage of life with ease, calmness and acceptance and take into it only people who are valuable to you.","""Кот"" Появление лесного кота сигнализирует о скорых переменах в отношениях. С кем изменятся Твои отношения: с окружением или собой — решать только Тебе. Но, благодаря своей опоре, Ты с лёгкостью, спокойствием и принятием войдёшь в новый этап жизни и заберёшь в него только ценных для Тебя людей.","""Кіт"" Поява лісового кота сигналізує про швидкі зміни у відносинах. З ким зміняться Твої стосунки: з оточенням чи собою вирішувати тільки Тобі. Але, завдяки своїй опорі, Ти з легкістю, спокоєм та прийняттям увійдеш у новий етап життя і забереш у нього лише цінних для Тебе людей."
fulcrum_24.jpg,"""Bear"" A proud and big bear, presenting a flower, may indicate that you have defeated the enemy and successfully resolved a situation in life that negatively affected you. Now is the perfect time to find and strengthen the Pivot Point in yourself!","""Медведь"" Гордый и большой медведь, преподносящий цветок, может свидетельствовать о том, что Ты одержала победу над врагом и успешно решила ситуацию в жизни, которая негативно влияла на Тебя. Сейчас — идеальное время для того, чтобы найти и укрепить Точку Опоры в себе!","""Ведмідь"" Гордий і великий ведмідь, що підносить квітку, може свідчити про те, що Ти здобула перемогу над ворогом і успішно вирішила ситуацію в житті, яке негативно впливало на Тебе. Зараз - ідеальний час для того, щоб знайти та зміцнити Точку Опори у собі!"
fulcrum_25.jpg,"""Stairway to Heaven"" Great opportunities will open before You, which You have been waiting for a long time. Do not put off until later the development of events, important negotiations and meetings that are of great importance to you. Internal support will make you feel stable, which means protected and safe.","""Лестница в небеса"" Перед Тобой откроются огромные возможности, которых Ты давно ждала. Не стоит откладывать на потом варианты развития событий, важные переговоры и встречи, которые имеют для Тебя большое значение. Внутренняя опора позволит ощущать себя устойчивой, а значит защищённой и находящейся в безопасности.","""Сходи в небеса"" Перед Тобою відкриються величезні можливості, на які Ти давно чекала. Не варто відкладати на потім варіанти розвитку подій, важливі переговори та зустрічі, які мають для Тебе велике значення. Внутрішня опора дозволить відчувати себе стійкою, а значить захищеною та перебуває в безпеці."
fulcrum_26.jpg,"""Marriage Proposal"" Soon life will kneel before You and offer to make a choice on which your future destiny depends. Do not rush to a decision, but try to listen to what your heart says - it will become decisive in your destiny: it will help you find happiness and teach you to appreciate life. Get rid of destructive thoughts and trust your heart.","""Предложение руки и сердца"" В скором времени жизнь встанет перед Тобой на колено и предложит сделать выбор, от которого зависит твоя дальнейшая судьба. Не спеши с решением, а постарайся прислушаться к тому, что говорит сердце — оно станет решающим в Твоей судьбе: поможет обрести счастье и научит ценить жизнь. Избавься от деструктивных мыслей и доверься своему сердцу.","""Пропозиція руки і серця"" Незабаром життя стане перед Тобою на коліно і запропонує зробити вибір, від якого залежить твоя подальша доля. Не поспішай з рішенням, а постарайся прислухатися до того, що говорить серце — воно стане вирішальним у твоїй долі: допоможе здобути щастя і навчить цінувати життя. Позбався деструктивних думок і довірся своєму серцю."
fulcrum_27.jpg,"""Inner World"" It's time to look up from the path and see the whole path, which will certainly lead You to your goal. Ahead is a straight, smooth and clean road, which means that achieving the desired will be very quick and easy. The main thing - do not be afraid to act!","""Внутренний мир"" Пришло время поднять взгляд с тропинки и увидеть весь путь, который непременно приведёт Тебя к поставленной цели. Впереди прямая, ровная и чистая дорога, а, значит, достижение желаемого будет очень быстрым и простым. Главное — не бойся действовать!","""Внутрішній світ"" Настав час підняти погляд із стежки і побачити весь шлях, який неодмінно приведе Тебе до поставленої мети. Попереду пряма, рівна і чиста дорога, отже досягнення бажаного буде дуже швидким і простим. Головне – не бійся діяти!"
fulcrum_28.jpg,"""Mermaid"" Very soon temptations will appear in your life, which are not easy to overcome. You will be seduced by thoughts of moving, changing jobs, or new relationships. Do not succumb to them momentarily, but try to choose the right decision as consciously as possible.","""Русалка"" Совсем скоро в Твоей жизни появятся искушения, побороть которые непросто. Тебя будут соблазнять мысли о переезде, смене работы или новых отношениях. Не поддавайся им сиюминутно, а постарайся максимально осознанно выбрать правильное решение.","""Русалка"" Зовсім скоро у Твоєму житті з'являться спокуси, побороти які непросто. Тебе будуть спокушати думки про переїзд, зміну роботи або нові відносини. Не піддавайся їм миттєво, а постарайся максимально свідомо вибрати правильне рішення."
fulcrum_29.jpg,"""Offer"" Do you feel stuck in a routine and do not understand where to move on? Take a deep breath and accept the offer that life gives you. Perhaps it will be decisive in your destiny: it will help you find happiness and teach you to appreciate life. Get rid of destructive thoughts and trust your heart.","""Предложение"" Ты чувствуешь, что завязла в рутине и не понимаешь, куда двигаться дальше? Сделай глубокий вдох и прими предложение, которое даёт Тебе жизнь. Возможно, именно оно станет решающим в Твоей судьбе: поможет обрести счастье и научит ценить жизнь. Избавься от деструктивных мыслей и доверься своему сердцу.","""Пропозиція"" Ти відчуваєш, що зав'язла в рутині і не розумієш, куди рухатися далі? Зроби глибокий вдих і прийми пропозицію, яка дає Тобі життя. Можливо, саме воно стане вирішальним у Твоїй долі: допоможе здобути щастя і навчить цінувати життя. Позбався деструктивних думок і довірся своєму серцю."
fulcrum_30.jpg,"""Camping"" Do you feel that the days are flying by with great speed, and you lack brightness and saturation? Soon the calm will be replaced by a storm of events and big changes in life. Be ready for them!","""Кемпинг"" Ты чувствуешь, что дни пролетают с огромной скоростью, и Тебе не хватает яркости и насыщенности? В скором времени затишье сменится бурей событий и большими переменами в жизни. Будь к ним готова!","""Кемпінг"" Ти відчуваєш, що дні пролітають із величезною швидкістю, і Тобі не вистачає яскравості та насиченості? Незабаром затишшя зміниться бурею подій і великими змінами у житті. Будь готова до них!"
fulcrum_31.jpg,"""Child"" Protecting your inner child, you will be able to keep in yourself a childish and spontaneous joy from life. Return to a state of carelessness more often and embody all the desires of your ""little I"".","""Ребёнок"" Оберегая своего внутреннего ребёнка, Ты сможешь сохранить в себе детскую и непосредственную радость от жизни. Почаще возвращайся в состояние беззаботности и воплощай все желания своего ""маленького Я"".","""Дитина"" Оберігаючи свою внутрішню дитину, Ти зможеш зберегти в собі дитячу та безпосередню радість від життя. Найчастіше повертайся в стан безтурботності та втілюй усі бажання свого ""маленького Я""."
fulcrum_32.jpg,"""Daisies"" Blooming daisies are often associated with simple human happiness. Think about what things or events make you happy? Of course, it is impossible to find absolute happiness with a wave of a magic wand. However, if you start working from the inner state and put your thoughts in order, then your mood will grow tenfold. Just try!","""Ромашки"" Цветущие ромашки часто ассоциируются с простым человеческим счастьем. Подумай, какие вещи или события делают Тебя счастливой? Конечно, невозможно обрести абсолютное счастье по взмаху волшебной палочки. Однако, если начать работу с внутреннего состояния и привести мысли в порядок, то Твое настроение вырастет в десятки раз. Просто попробуй!","""Ромашки"" Квітучі ромашки часто асоціюються із простим людським щастям. Подумай, які речі чи події роблять Тебе щасливою? Звичайно, неможливо знайти абсолютне щастя за помахом чарівної палички. Однак, якщо почати роботу з внутрішнього стану та привести думки до ладу, то Твій настрій зросте в десятки разів. Просто спробуй!"
fulcrum_33.jpg,"""Desert"" The desert is a symbol of loneliness. Remember how long ago you felt comfortable alone with yourself? Perhaps right now in your life the period has come when it is time to show more love, trust and warmth to yourself. And then the endless sands will change into a fragrant field of flowers.","""Пустыня"" Пустыня — это символ одиночества. Вспомни, давно ли Ты чувствовала себя комфортно наедине с собой? Возможно, именно сейчас в Твоей жизни наступил период, когда пора проявить больше любви, доверия и тепла к себе. И тогда бескрайние пески сменятся на ароматное поле цветов.","""Пустеля"" Пустеля - це символ самотності. Згадай, чи давно Ти почувала себе комфортно наодинці із собою? Можливо, саме зараз у Твоєму житті настав період, коли час виявити більше любові, довіри та тепла до себе. І тоді безкраї піски зміняться на ароматне поле квітів."
fulcrum_34.jpg,"""Labyrinth"" Do you think that in life now there are many confusing situations that lead to a dead end? And what will happen if we loosen the grip of control a little and take steps not according to the instructions of the brain, but at the behest of the soul? So you will begin to feel life better. Just try.","""Лабиринт"" Тебе кажется, что в жизни сейчас происходит много запутанных ситуаций, которые приводят в тупик? А что будет, если немного ослабить хватку контроля и делать шаги не по инструкциям мозга, а по велению души? Так Ты начнёшь лучше чувствовать жизнь. Просто попробуй.","""Лабіринт"" Тобі здається, що в житті зараз відбувається багато заплутаних ситуацій, які спричиняють глухий кут? А що буде, якщо трохи послабити хватку контролю та робити кроки не за інструкціями мозку, а за велінням душі? Тож Ти почнеш краще відчувати життя. Просто спробуй."
fulcrum_35.jpg,"""The Road Home"" Do not lose heart if there are difficulties in your life now. Just keep going your way. Very soon you will understand that without difficulties the path would not be so interesting. And always remember that the road will be mastered by the walking one.","""Дорога домой"" Не стоит падать духом, если сейчас в Твоей жизни есть трудности. Просто продолжай идти своим путём. Совсем скоро Ты поймёшь, что без сложностей путь бы не был таким интересным. И всегда помни, что дорогу осилит идущий.","""Дорога додому"" Не варто падати духом, якщо зараз у Твоєму житті є труднощі. Просто продовжуй йти своїм шляхом. Зовсім скоро Ти зрозумієш, що без труднощів шлях не був би таким цікавим. І завжди пам'ятай, що дорогу здолає той, хто йде."
fulcrum_36.jpg,"""Mirror"" The mirror reflects your inner state. In real life, you are interested in what other people think of you. You often look at your life as if from the outside, trying to analyze your actions and deeds. Try to relax your control and treat yourself more gently.","""Зеркало"" Зеркало отражает Твое внутреннее состояние. В реальной жизни Ты интересуешься тем, что думают о Тебе другие люди. Ты часто смотришь на свою жизнь как бы со стороны, стараясь анализировать свои поступки и дела. Постарайся ослабить контроль и относиться к себе более мягко.","""Дзеркало"" Дзеркало відображає Твій внутрішній стан. У реальному житті Ти цікавишся тим, що думають про тебе інші люди. Ти часто дивишся на своє життя ніби збоку, намагаючись аналізувати свої вчинки та справи. Постарайся послабити контроль і ставитись до себе м'якше."
fulcrum_37.jpg,"""Music"" Is your life filled with emotional events? The main way that will allow you to save the resource and not waste energy will be immersion in yourself. The better you learn to listen to your needs, desires, thoughts, the easier it will be to accept everything that happens around.","""Музыка"" Твоя жизнь наполнена эмоциональными событиями? Главным способом, который позволит Тебе сохранить ресурс и не тратить энергию впустую, будет погружение в себя. Чем лучше Ты научишься слышать свои потребности, желания, мысли, тем проще будет принимать все, что происходит вокруг.","""Музика"" Твоє життя сповнене емоційними подіями? Головним способом, який дозволить Тобі зберегти ресурс і не марнувати енергію, буде занурення в себе. Чим краще Ти навчишся чути свої потреби, бажання, думки, тим простіше прийматиме все, що відбувається навколо."
fulcrum_38.jpg,"""Hay"" It's time to get a good reward for the work done. As soon as you show the world that you deserve all the best, it will definitely respond to this and present everything that you only dream of! Continue to broadcast a state of self-confidence and fullness.","""Сено"" Пришло время получить хорошее вознаграждение за проделанную работу. Как только Ты покажешь миру, что достойна всего самого лучшего — он обязательно откликнется на это и преподнесёт все, о чем Ты только мечтаешь! Продолжай транслировать состояние уверенности в себе и наполненности.","""Сіно"" Настав час отримати хорошу винагороду за виконану роботу. Як тільки Ти покажеш світові, що варта всього найкращого — він обов'язково відгукнеться на це і піднесе все, про що Ти тільки мрієш! Продовжуй транслювати стан впевненості у собі та наповненості."
fulcrum_39.jpg,"""Deer"" The deer symbolizes calmness and balance. Perhaps these are the qualities that you have long wanted to develop in yourself? The more you work on your Inner Support, the more light and conscious you become. You already have all the necessary tools - continue to act and do not give up.","""Олень"" Олень символизирует спокойствие и уравновешенность. Возможно, это те качества, которые Ты давно хотела в себе развить?  Чем больше Ты работаешь над своей Внутренней Опорой — тем более легкой и осознанной становишься. У Тебя уже есть все необходимые инструменты — продолжай действовать и не опускай руки.","""Олень"" Олень символізує спокій та врівноваженість. Можливо, це ті якості, які Ти давно хотіла у собі розвинути? Чим більше Ти працюєш над своєю Внутрішньою Опорою — тим легшою і усвідомленішою стаєш. У Тебе вже є всі необхідні інструменти – продовжуй діяти і не опускай руки."
fulcrum_40.jpg,"""Under the dome"" The dome protects and hides from prying eyes everything that is so difficult for us to show to this world. If you felt safe at the sight of this dome, then you probably feel an oppressive sense of loneliness and feel isolated. Let these difficult emotions be in your life - perhaps it is through them that you will get to know the real you.","""Под куполом"" Купол оберегает и прячет от посторонних глаз все, что нам так сложно показать этому миру. Если при виде этого купола Ты почувствовала безопасность, то, вероятно, испытываешь гнетущее чувство одиночества и ощущаешь себя изолированной. Позволь этим непростым эмоциям быть в Твоей жизни — возможно, именно через них Ты познакомишься с собой настоящей.","""Під куполом"" Купол оберігає і ховає від сторонніх очей все, що нам так складно показати цьому світу. Якщо побачивши цей купол Ти відчула безпеку, то, ймовірно, відчуваєш гнітюче почуття самотності і відчуваєш себе ізольованою. Дозволь цим непростим емоціям бути у Твоєму житті — можливо, саме через них Ти познайомишся із собою справжнім."
fulcrum_41.jpg,"""Flamingo"" Your soul wants peace - it will heal it. Think about when you feel truly harmonious and whole? Fix these thoughts and boldly implement them in life.","""Фламинго"" Твоя душа хочет спокойствия — именно оно исцелит ее. Подумай, в какие моменты Ты чувствуешь себя по-настоящему гармонично и целостно? Зафиксируй эти мысли и смело реализуй их в жизни.","""Фламінго"" Твоя душа хоче спокою - саме воно зцілить її. Подумай, у які моменти Ти почуваєшся по-справжньому гармонійно та цілісно? Зафіксуй ці думки та сміливо реалізуй їх у житті."
fulcrum_42.jpg,"""Hugs"" Hugs always speak of warmth and intimacy with another person. This is an auspicious sign that symbolizes friendship, love, affection and deep feelings. Continue spiritual work on yourself, and your relationships with others will be filled with even greater harmony and mutual understanding.","""Объятия"" Объятия всегда говорят о теплоте и близости с другим человеком. Это благоприятный знак, который символизирует дружбу, любовь, привязанность и глубокие чувства. Продолжай духовную работу над собой, и Твои отношения с окружающими наполнятся ещё большей гармонией и взаимопониманием.","""Обійми"" Обійми завжди говорять про теплоту і близькість з іншою людиною. Це сприятливий знак, який символізує дружбу, кохання, прихильність та глибокі почуття. Продовжуй духовну роботу над собою, і Твої стосунки з оточуючими наповняться ще більшою гармонією та порозумінням."
fulcrum_43.jpg,"""The Book"" Perhaps life is teaching You a valuable lesson right now. Treat it with gratitude, because you can get much more than you lose. The book is a sign of success. If you follow the flow of life, then soon you will have a promotion or a successful purchase. Ask yourself: How can I speed up this process?","""Книга"" Возможно, прямо сейчас жизнь преподносит Тебе ценный урок. Отнесись к нему с благодарностью, потому что Ты можешь получить гораздо больше, чем потеряешь. Книга — знак успеха. Если следовать течению жизни, то в скором времени у Тебя случится повышение в должности или удачная покупка. Спроси себя: как я могу ускорить этот процесс?","""Книга"" Можливо, прямо зараз життя дає Тобі цінний урок. Постався до нього з вдячністю, тому що Ти можеш отримати набагато більше, ніж втратиш. Книга – знак успіху. Якщо слідувати перебігу життя, то незабаром у Тебе станеться підвищення на посаді чи вдала покупка. Запитай себе: як я можу прискорити цей процес?"
fulcrum_44.jpg,"""Zen"" For the one who comprehended happiness, being alone, there are no problems and difficulties - only opportunities. The girl sitting in the lotus position invites you to mentally disconnect from external experiences and meet with the secrets of the inner Universe.","""Дзен"" Для того, кто постиг счастье, находясь в одиночестве, не существует проблем и сложностей — только возможности. Девушка, сидящая в позе лотоса, призывает Тебя мысленно отключиться от внешних переживаний и встретиться с тайнами внутренней Вселенной.","""Дзен"" Для того, хто спіткав щастя, перебуваючи на самоті, не існує проблем і складнощів - тільки можливості. Дівчина, що сидить у позі лотоса, закликає Тебе подумки відключитися від зовнішніх переживань і зустрітися з таємницями внутрішнього Всесвіту."
